Mic,PrimaryExchange,Symbol,TradingClass,LongName,Currency,Multiplier,UnderSymbol,UnderSecType,StartDate
EUCH,SOFFEX,CONF,CONF,"Swiss Federal Long-Term Bonds",CHF,1000,CONF,IND,2017-12-07
EUCH,SOFFEX,SLI,FSLI,"Swiss Leader Index (PREIS_INDEX)",CHF,10,SLI,IND,2017-12-14
EUCH,SOFFEX,SMI,FSMI,"Swiss Market Index",CHF,10,SMI,IND,2017-12-15
EUCH,SOFFEX,SMIDP,FSMD,"SMI Dividend Points Index",CHF,100,SMIDP,IND,2017-12-15
EUCH,SOFFEX,SMIM,FSMM,"Swiss Mid-cap Index",CHF,10,SMIM,IND,2017-12-14
IFEN,IPE,ATW,ATW,"ICE Rotterdam Coal",USD,1000,ATW,IND,2017-10-27
IFEN,IPE,COIL,COIL,"ICE Brent Crude",USD,1000,COIL,IND,2017-10-31
IFEN,IPE,GOIL,GOIL,"ICE Gasoil",USD,100,GOIL,IND,2017-10-12
IFEN,IPE,HOIL,HOIL,"ICE Heating Oil",USD,42000,HOIL,IND,2017-10-30
IFEN,IPE,NCF,NCF,"Newcastle Coal Futures",USD,1000,NCF,IND,2017-10-27
IFEN,IPE,NGF,NGF,"ICE UK Natural Gas",GBP,28000,NGF,IND,2018-01-30
IFEN,IPE,NGF,NGF,"ICE UK Natural Gas",GBP,29000,NGF,IND,2020-01-30
IFEN,IPE,NGF,NGF,"ICE UK Natural Gas",GBP,30000,NGF,IND,2017-10-30
IFEN,IPE,NGF,NGF,"ICE UK Natural Gas",GBP,31000,NGF,IND,2017-11-29
IFEN,IPE,RBOB,RBOB,"ICE NYH RBOB Gasoline",USD,42000,RBOB,IND,2017-10-30
IFEN,IPE,UCX,UCX,"CSX Coal Futures",USD,1000,UCX,IND,2017-10-25
IFEN,IPE,WTI,WTI,"West Texas Intermediate Light Sweet Crude Oil",USD,1000,WTI,IND,2017-10-19
IFLL,ICEEU,F1DV,XZ,"FTSE 100 Dividend Index",GBP,10,F1DV,IND,2017-12-14
IFLL,ICEEU,H,H,"Medium Gilt",GBP,1000,H,IND,2010-03-29
IFLL,ICEEU,I,I,"3 Month EURIBOR Interest Rate",EUR,2500,I,IND,2017-10-16
IFLL,ICEEU,L,L,"3 Month Sterling Interest Rate FUT",GBP,1250,L,IND,2017-10-18
IFLL,ICEEU,NDUEBRAF,MCG,"The MSCI Brazil Net Total Return",USD,100,NDUEBRAF,IND,2021-12-17
IFLL,ICEEU,O,O,"5 Year Euro Swapnote",EUR,1000,O,IND,2017-12-18
IFLL,ICEEU,P,P,"10 Year Euro Swapnote",EUR,1000,P,IND,2017-12-18
IFLL,ICEEU,R,R,"Long Gilt",GBP,1000,R,IND,1983-03-29
IFLL,ICEEU,S,S,"Three Month Euro Swiss Franc Interest Rate",CHF,2500,S,IND,2017-12-18
IFLL,ICEEU,SG,G,"Short Gilt",GBP,1000,SG,IND,2010-03-29
IFLL,ICEEU,SONIA.N,SO3,"Three Month SONIA",GBP,2500,SONIA.N,IND,2021-12-14
IFLL,ICEEU,SONIO.N,SOA,"One Month SONIA",GBP,2500,SONIO.N,IND,2021-10-29
IFLL,ICEEU,SRFXON3,SA3,"Three Month SaronA",CHF,2500,SRFXON3,IND,2021-12-14
IFLL,ICEEU,TWS,TWS,"2 Year Euro Swapnote",EUR,1000,TWS,IND,2017-12-18
IFLL,ICEEU,USO,USO,"Five Year $ Swapnote",USD,1000,USO,IND,2017-12-18
IFLL,ICEEU,USP,USP,"Ten Year $ Swapnote",USD,1000,USP,IND,2017-12-18
IFLL,ICEEU,USW,USW,"Two Year Dollar Swapnote",USD,2000,USW,IND,2017-12-18
IFLL,ICEEU,Y,Y2,"FTSE 250 Index",GBP,2,Y,IND,1994-03-18
IFLL,ICEEU,Z,Z,"FTSE 100 Index",GBP,1000,Z,IND,1984-06-29
IFLX,ICEEUSOFT,C,C,Cocoa,GBP,10,C,IND,2017-12-12
IFLX,ICEEUSOFT,D,RC,"Robusta Coffee",USD,10,D,IND,2017-11-30
IFLX,ICEEUSOFT,T,T,Wheat,GBP,100,T,IND,2017-11-23
IFLX,ICEEUSOFT,W,W,"White Sugar",USD,50,W,IND,2017-11-15
IFUS,ICEUS,AUD,KAU,"Australian dollar",USD,100000,AUD.USD,CASH,2017-12-18
IFUS,ICECRYPTO,BAKKT,BTM,"Bakkt Bitcoin",USD,1,BAKKT,IND,2019-10-16
IFUS,NYBOT,CC,CC,"Cocoa NYBOT",USD,10,CC,IND,1980-03-20
IFUS,NYBOT,CT,CT,"Cotton No. 2",USD,50000,CT,IND,1980-03-07
IFUS,NYBOT,DX,DX,"NYBOT US Dollar FX",USD,1000,DX,IND,1986-03-19
IFUS,ICEUS,EAD,KRA,"European Monetary Union Euro",AUD,125000,EUR.AUD,CASH,2017-12-18
IFUS,ICEUS,ECD,KEP,"European Monetary Union Euro",CAD,125000,EUR.CAD,CASH,2017-12-18
IFUS,ICEUS,EJ,KEJ,"NYBOT Euro in Japanese Yen",JPY,125000,EJ,IND,1999-03-15
IFUS,ICEUS,EO,KEO,"European Monetary Union Euro",USD,125000,EUR.USD,CASH,2017-12-18
IFUS,ICEUS,GB,KGB,"Euro in British Pound",GBP,125000,GB,CASH,2019-12-16
IFUS,ICEUS,GB,KGB,"Euro in British Pound",GBP,125000,GB,IND,1999-03-15
IFUS,ICEUS,GB,KGB,"European Monetary Union Euro",GBP,125000,EUR.GBP,CASH,2021-12-13
IFUS,NYBOT,KC,KC,"Coffee ""C""",USD,37500,KC,IND,1980-03-24
IFUS,NYBOT,LRC30APR,30C,"ICE U.S. Conforming 30-yr Fixed Mortgage Rate Lock Weighted APR",USD,5000,LRC30APR,IND,2022-07-15
IFUS,ICEUS,MP,MP,"British pound",USD,62500,GBP.USD,CASH,2017-12-18
IFUS,NYBOT,NYFANG,FNG,"NYSE FANG+ Index",USD,5,NYFANG,IND,2020-12-18
IFUS,NYBOT,NYFANG,FNG,"NYSE FANG+ Index",USD,50,NYFANG,IND,2017-12-15
IFUS,NYBOT,OJ,OJ,"FC Orange Juice ""A""",USD,15000,OJ,IND,1980-01-18
IFUS,NYBOT,RS,RS,Canola,CAD,20,RS,IND,2005-11-14
IFUS,ICEUS,RZ,KRZ,"NYBOT Euro in Swiss Franc",CHF,125000,RZ,IND,1999-03-26
IFUS,NYBOT,SB,SB,"Sugar No. 11",USD,112000,SB,IND,1982-04-30
IFUS,NYBOT,SF,SF,"Sugar #16 112000 lbs",USD,112000,SF,IND,2008-12-08
IFUS,ICEUS,SS,SS,"British Pound in Swiss Franc",CHF,125000,SS,IND,1997-06-16
IFUS,ICEUS,SY,SY,"British Pound in Japanese Yen",JPY,125000,SY,IND,1997-06-16
IFUS,ICEUS,ZY,KZY,"Swiss Franc in Japanese Yen",JPY,250000,ZY,IND,1999-03-15
NDEX,ENDEX,ECF,ECF,"ICE ECX EUA Futures",EUR,1000,ECF,IND,2021-06-28
NDEX,ENDEX,TFM,TFM,"Dutch TTF Natural Gas Futures",EUR,1,TFM,IND,2022-11-29
NDEX,ENDEX,TFM,TFM,"Dutch TTF Natural Gas Futures",EUR,696,TFM,IND,2024-01-30
NDEX,ENDEX,TFM,TFM,"Dutch TTF Natural Gas Futures",EUR,720,TFM,IND,2023-08-30
NDEX,ENDEX,TFM,TFM,"Dutch TTF Natural Gas Futures",EUR,743,TFM,IND,2024-02-28
NDEX,ENDEX,TFM,TFM,"Dutch TTF Natural Gas Futures",EUR,744,TFM,IND,2023-06-29
NDEX,ENDEX,TFM,TFM,"Dutch TTF Natural Gas Futures",EUR,745,TFM,IND,2023-09-28
SMFE,SMFE,10YSME,S10Y,"Small 10YR US Treasury Yield",USD,100,10YSME,IND,2020-10-16
SMFE,SMFE,2YSME,S2Y,"Small 2YR US Treasury Yield",USD,100,2YSME,IND,2021-03-19
SMFE,SMFE,30YSME,S30Y,"Small 30YR US Treasury Yield",USD,100,30YSME,IND,2021-03-19
SMFE,SMFE,75SME,SM75,"Small Stocks 75",USD,100,75SME,IND,2020-06-19
SMFE,SMFE,FXSME,SFX,"Small US Dollar",USD,100,FXSME,IND,2020-06-19
SMFE,SMFE,PRESME,SPRE,"Small Precious Metals",USD,100,PRESME,IND,2020-06-19
SMFE,SMFE,S420,S420,"Small Cannabis",USD,100,S420,IND,2021-07-16
SMFE,SMFE,SCCX,SCCX,"Small Cryptocurrency",USD,100,CCXSME,IND,2021-10-15
SMFE,SMFE,SMO,SMO,"Small US Crude Oil",USD,100,SMO,IND,2021-05-13
SMFE,SMFE,STXSME,STIX,"Small Technology 60",USD,100,STXSME,IND,2020-09-18
XBRD,BELFOX,BFX,BXF,"BEL 20 Index",EUR,10,BEL20,IND,2017-10-20
XCBF,CFE,AMB07,AMW1,"CBOE 7-Day AMERIBOR Average Rate Index",USD,3500,AMERIBOR,IND,2019-09-04
XCBF,CFE,AMB07,AMW2,"CBOE 7-Day AMERIBOR Average Rate Index",USD,3500,AMERIBOR,IND,2019-09-11
XCBF,CFE,AMB07,AMW3,"CBOE 7-Day AMERIBOR Average Rate Index",USD,3500,AMERIBOR,IND,2019-09-18
XCBF,CFE,AMB07,AMW3,"CBOE 7-Day AMERIBOR Average Rate Index",USD,180000,AMERIBOR,IND,2019-08-21
XCBF,CFE,AMB07,AMW4,"CBOE 7-Day AMERIBOR Average Rate Index",USD,3500,AMERIBOR,IND,2019-08-28
XCBF,CFE,AMB07,AMW5,"CBOE 7-Day AMERIBOR Average Rate Index",USD,3500,AMB07,IND,2019-10-30
XCBF,CFE,AMB07,AMW5,"CBOE 7-Day AMERIBOR Average Rate Index",USD,3500,AMERIBOR,IND,2020-07-29
XCBF,CFE,AMB90,AMB3,"CBOE Three-Month AMERIBOR Compound Average Rate Index",USD,2500,AMB90,IND,2019-12-17
XCBF,CFE,AMB90,AMB3,"CBOE Three-Month AMERIBOR Compound Average Rate Index",USD,2500,AMBTX,IND,2019-09-17
XCBF,CFE,IBXXIBHY,IBHY,"iBoxx iShares $ High Yield Corporate Bond Index TR",USD,1000,IBXXIBHY,IND,2018-10-01
XCBF,CFE,IBXXIBIG,IBIG,"iBoxx iShares $ Investment Grade Corporate Bond Index TR",USD,1000,IBXXIBIG,IND,2018-11-01
XCBF,CFE,VIX,VX,"CBOE Volatility Index",USD,1000,VIX,IND,2017-10-18
XCBF,CFE,VIX,VX01,"CBOE Volatility Index",USD,1000,VIX,IND,2018-01-03
XCBF,CFE,VIX,VX02,"CBOE Volatility Index",USD,1000,VIX,IND,2018-01-10
XCBF,CFE,VIX,VX04,"CBOE Volatility Index",USD,1000,VIX,IND,2018-01-24
XCBF,CFE,VIX,VX05,"CBOE Volatility Index",USD,1000,VIX,IND,2018-01-31
XCBF,CFE,VIX,VX06,"CBOE Volatility Index",USD,1000,VIX,IND,2018-02-07
XCBF,CFE,VIX,VX08,"CBOE Volatility Index",USD,1000,VIX,IND,2018-02-21
XCBF,CFE,VIX,VX09,"CBOE Volatility Index",USD,1000,VIX,IND,2018-02-27
XCBF,CFE,VIX,VX10,"CBOE Volatility Index",USD,1000,VIX,IND,2018-03-07
XCBF,CFE,VIX,VX11,"CBOE Volatility Index",USD,1000,VIX,IND,2018-03-14
XCBF,CFE,VIX,VX12,"CBOE Volatility Index",USD,1000,VIX,IND,2020-03-25
XCBF,CFE,VIX,VX13,"CBOE Volatility Index",USD,1000,VIX,IND,2018-03-28
XCBF,CFE,VIX,VX14,"CBOE Volatility Index",USD,1000,VIX,IND,2018-04-04
XCBF,CFE,VIX,VX15,"CBOE Volatility Index",USD,1000,VIX,IND,2018-04-11
XCBF,CFE,VIX,VX16,"CBOE Volatility Index",USD,1000,VIX,IND,2020-04-22
XCBF,CFE,VIX,VX17,"CBOE Volatility Index",USD,1000,VIX,IND,2018-04-25
XCBF,CFE,VIX,VX18,"CBOE Volatility Index",USD,1000,VIX,IND,2018-05-02
XCBF,CFE,VIX,VX19,"CBOE Volatility Index",USD,1000,VIX,IND,2018-05-09
XCBF,CFE,VIX,VX20,"CBOE Volatility Index",USD,1000,VIX,IND,2019-05-15
XCBF,CFE,VIX,VX21,"CBOE Volatility Index",USD,1000,VIX,IND,2018-05-23
XCBF,CFE,VIX,VX22,"CBOE Volatility Index",USD,1000,VIX,IND,2018-05-30
XCBF,CFE,VIX,VX23,"CBOE Volatility Index",USD,1000,VIX,IND,2018-06-06
XCBF,CFE,VIX,VX24,"CBOE Volatility Index",USD,1000,VIX,IND,2018-06-13
XCBF,CFE,VIX,VX25,"CBOE Volatility Index",USD,1000,VIX,IND,2020-06-24
XCBF,CFE,VIX,VX26,"CBOE Volatility Index",USD,1000,VIX,IND,2018-06-27
XCBF,CFE,VIX,VX27,"CBOE Volatility Index",USD,1000,VIX,IND,2018-07-03
XCBF,CFE,VIX,VX28,"CBOE Volatility Index",USD,1000,VIX,IND,2018-07-11
XCBF,CFE,VIX,VX30,"CBOE Volatility Index",USD,1000,VIX,IND,2018-07-25
XCBF,CFE,VIX,VX31,"CBOE Volatility Index",USD,1000,VIX,IND,2018-08-01
XCBF,CFE,VIX,VX32,"CBOE Volatility Index",USD,1000,VIX,IND,2018-08-08
XCBF,CFE,VIX,VX33,"CBOE Volatility Index",USD,1000,VIX,IND,2018-08-15
XCBF,CFE,VIX,VX34,"CBOE Volatility Index",USD,1000,VIX,IND,2020-08-26
XCBF,CFE,VIX,VX35,"CBOE Volatility Index",USD,1000,VIX,IND,2018-08-29
XCBF,CFE,VIX,VX36,"CBOE Volatility Index",USD,1000,VIX,IND,2018-09-05
XCBF,CFE,VIX,VX37,"CBOE Volatility Index",USD,1000,VIX,IND,2018-09-12
XCBF,CFE,VIX,VX38,"CBOE Volatility Index",USD,1000,VIX,IND,2020-09-23
XCBF,CFE,VIX,VX39,"CBOE Volatility Index",USD,1000,VIX,IND,2018-09-26
XCBF,CFE,VIX,VX40,"CBOE Volatility Index",USD,1000,VIX,IND,2018-10-03
XCBF,CFE,VIX,VX41,"CBOE Volatility Index",USD,1000,VIX,IND,2005-10-19
XCBF,CFE,VIX,VX43,"CBOE Volatility Index",USD,1000,VIX,IND,2017-10-25
XCBF,CFE,VIX,VX44,"CBOE Volatility Index",USD,1000,VIX,IND,2017-11-01
XCBF,CFE,VIX,VX45,"CBOE Volatility Index",USD,1000,VIX,IND,2017-11-08
XCBF,CFE,VIX,VX46,"CBOE Volatility Index",USD,1000,VIX,IND,2018-11-14
XCBF,CFE,VIX,VX47,"CBOE Volatility Index",USD,1000,VIX,IND,2017-11-22
XCBF,CFE,VIX,VX48,"CBOE Volatility Index",USD,1000,VIX,IND,2017-11-29
XCBF,CFE,VIX,VX49,"CBOE Volatility Index",USD,1000,VIX,IND,2017-12-06
XCBF,CFE,VIX,VX50,"CBOE Volatility Index",USD,1000,VIX,IND,2017-12-13
XCBF,CFE,VIX,VX51,"CBOE Volatility Index",USD,1000,VIX,IND,2020-12-23
XCBF,CFE,VIX,VX52,"CBOE Volatility Index",USD,1000,VIX,IND,2017-12-27
XCBF,CFE,VIX,VX53,"CBOE Volatility Index",USD,1000,VIX,IND,2019-12-31
XCBF,CFE,VXM,VXM,"Mini Cboe Volatility Index Futures",USD,100,VXM,IND,2020-09-16
XCBT,CBOT,10Y,10Y,"10 Year Micro Treasury Yield",USD,1000,10Y,IND,2021-08-31
XCBT,CBOT,2YY,2YY,"2 Year Micro Treasury Yield",USD,1000,2YY,IND,2021-08-31
XCBT,CBOT,30Y,30Y,"30 Year Micro Treasury Yield",USD,1000,30Y,IND,2021-08-31
XCBT,CBOT,5YY,5YY,"5 Year Micro Treasury Yield",USD,1000,5YY,IND,2021-08-31
XCBT,CBOT,AC,EH,"Ethanol -CME",USD,29000,AC,IND,2017-11-03
XCBT,CBOT,AIGCI,AW,"Bloomberg Commodity Index",USD,100,AIGCI,IND,2017-12-20
XCBT,CBOT,B1U,B1U,"30-Year Deliverable Interest Rate Swap Futures",USD,1000,B1U,IND,2017-12-18
XCBT,CBOT,DJUSRE,RX,"Dow Jones US Real Estate Index",USD,100,DJUSRE,IND,2017-12-15
XCBT,CBOT,F1U,F1U,"5-Year Deliverable Interest Rate Swap Futures",USD,1000,F1U,IND,2017-12-18
XCBT,CBOT,KE,KE,"Hard Red Winter Wheat -KCBOT-",USD,5000,KE,IND,1995-07-20
XCBT,CBOT,LIT,LIT,"2-Year Eris Swap Futures",USD,1000,LIT,IND,2018-12-20
XCBT,CBOT,LIW,LIW,"5-Year Eris Swap Futures",USD,1000,LIW,IND,2018-12-17
XCBT,CBOT,MYM,MYM,"Micro E-Mini Dow Jones Industrial Average Index",USD,0.5,MYM,IND,2019-06-21
XCBT,CBOT,N1U,N1U,"10-Year Deliverable Interest Rate Swap Futures",USD,1000,N1U,IND,2017-12-18
XCBT,CBOT,T1U,T1U,"2-Year Deliverable Interest Rate Swap Futures",USD,1000,T1U,IND,2017-12-18
XCBT,CBOT,TN,TN,"Ultra 10-Year US Treasury Note",USD,1000,TN,IND,2017-12-19
XCBT,CBOT,TWE,TWE,"20-Year U.S. Treasury Bond",USD,1000,TWE,IND,2022-06-21
XCBT,CBOT,UB,UB,"Ultra Treasury Bond",USD,1000,UB,IND,2010-03-22
XCBT,CBOT,YC,XC,"Mini Sized Corn Futures",USD,1000,YC,IND,2017-12-14
XCBT,CBOT,YIW,YIW,"5-Year Eris SOFR Swap Futures",USD,1000,YIW,IND,2023-06-20
XCBT,CBOT,YK,XK,"Mini Sized Soybean Futures",USD,1000,YK,IND,2003-05-14
XCBT,CBOT,YM,YM,"E-mini Dow Jones Industrial Average",USD,5,YM,IND,2020-12-18
XCBT,CBOT,YM,YM,"Mini Sized Dow Jones Industrial Average $5",USD,5,YM,IND,2002-06-21
XCBT,CBOT,YW,XW,"Mini Sized Wheat Futures",USD,1000,YW,IND,2003-05-14
XCBT,CBOT,Z3N,Z3N,"3 YEAR US TREASURY NOTE",USD,2000,Z3N,IND,2017-12-29
XCBT,CBOT,ZB,ZB,"30 Year US Treasury Bond",USD,1000,ZB,IND,1980-03-20
XCBT,CBOT,ZC,ZC,"Corn Futures",USD,5000,ZC,IND,1980-03-20
XCBT,CBOT,ZF,ZF,"5 Year US Treasury Note",USD,1000,ZF,IND,1988-06-21
XCBT,CBOT,ZL,ZL,"Soybean Oil Futures",USD,60000,ZL,IND,1980-01-22
XCBT,CBOT,ZM,ZM,"Soybean Meal Futures",USD,100,ZM,IND,1980-01-22
XCBT,CBOT,ZN,ZN,"10 Year US Treasury Note",USD,1000,ZN,IND,1982-06-21
XCBT,CBOT,ZO,ZO,"Oat Futures",USD,5000,ZO,IND,1980-03-20
XCBT,CBOT,ZQ,ZQ,"30 Day Fed Funds",USD,4167,FF,IND,1988-10-31
XCBT,CBOT,ZR,ZR,"Rough Rice Futures",USD,2000,ZR,IND,1988-09-21
XCBT,CBOT,ZS,ZS,"Soybean Futures",USD,5000,ZS,IND,1980-01-22
XCBT,CBOT,ZT,ZT,"2 Year US Treasury Note",USD,2000,ZT,IND,1990-09-19
XCBT,CBOT,ZW,ZW,"Wheat Futures",USD,5000,ZW,IND,1980-03-20
XCEC,COMEX,ALI,ALI,"Aluminum Index",USD,25,ALI,IND,2014-07-29
XCEC,COMEX,GC,GC,Gold,USD,100,GC,IND,1980-01-28
XCEC,COMEX,HG,HG,"Copper Index",USD,25000,HG,IND,1980-01-28
XCEC,COMEX,HRC,HRC,"Hot-Rolled Coil Steel Index",USD,20,HRC,IND,2019-07-30
XCEC,COMEX,MGC,MGC,"E-Micro Gold ",USD,10,MGC,IND,2020-12-29
XCEC,COMEX,MHG,MHG,"Micro Copper",USD,2500,MHG,IND,2022-05-26
XCEC,COMEX,QC,QC,"COMEX MINY Copper",USD,12500,QC,IND,2006-12-27
XCEC,COMEX,QI,QI,"COMEX MINY Silver",USD,2500,QI,IND,2006-12-27
XCEC,COMEX,QO,QO,"COMEX MINY Gold",USD,50,QO,IND,2007-01-29
XCEC,COMEX,SGC,SGC,"Shanghai Gold Exchange Gold Benchmark PM Price Index - CNH Futures",CNH,1000,SGC,IND,2020-12-29
XCEC,COMEX,SGUF,SGU,"Shanghai Gold Exchange Gold Benchmark PM Price Index - USD Futures",USD,32.15,SGUF,IND,2020-12-29
XCEC,COMEX,SI,SI,"Silver Index",USD,5000,SI,IND,1980-01-28
XCEC,COMEX,SI,SIL,"Silver Index",USD,1000,SI,IND,1980-01-28
XCEC,COMEX,UX,UX,"Uranium Index",USD,250,UX,IND,2007-06-25
XCME,CME,ACD,ACD,"Australian dollar",CAD,200000,AUD.CAD,CASH,2017-12-18
XCME,CME,AJY,AJY,"Australian dollar",JPY,200000,AUD.JPY,CASH,2017-12-18
XCME,CME,AUD,6A,"Australian dollar",USD,100000,AUD.USD,CASH,1987-03-16
XCME,CME,BOS,BOS,"Boston Housing Index",USD,250,BOS,IND,2017-11-27
XCME,CME,BQX,BIO,"CME E-Mini NASDAQ Biotechnology",USD,25,BQX,IND,2021-09-17
XCME,CME,BQX,BIO,"CME E-Mini NASDAQ Biotechnology",USD,50,BQX,IND,2017-12-15
XCME,CME,BRE,6L,"Brazilian Real in US Dollars",USD,100000,BRE,IND,2011-07-29
XCME,CME,BRR,BTC,"CME CF Bitcoin Reference Rate",USD,5,BRR,IND,2018-01-26
XCME,CME,BSBY,BSB,"Three-Month Bloomberg Short-Term Bank Yield",USD,2500,BSBY,IND,2022-03-14
XCME,CME,BTCEURRR,BTE,"CME CF Bitcoin-Euro Reference Rate",EUR,5,BTCEUR_RR,IND,2022-09-30
XCME,CME,CAD,6C,"CAD.USD Forex",USD,100000,CAD.USD,CASH,1980-03-18
XCME,CME,CAD,6C,"Canadian dollar",USD,100000,CAD.USD,CASH,2019-03-19
XCME,CME,CB,CB,"CME Cash-Settled Butter Futures",USD,20000,CB,IND,2017-11-28
XCME,CME,CHF,6S,"Swiss franc",USD,125000,CHF.USD,CASH,1980-03-17
XCME,CME,CHI,CHI,"Chicago Housing Index",USD,250,CHI,IND,2017-11-27
XCME,CME,CJY,CJY,"Canadian dollar",JPY,200000,CAD.JPY,CASH,2017-12-18
XCME,CME,CLP,CHP,"CLP.USD Forex",USD,50000000,CLP.USD,CASH,2017-10-31
XCME,CME,CNH,CNH,"United States dollar",CNH,100000,USD.CNH,CASH,2018-08-12
XCME,CME,CSC,CSC,Cheese,USD,20000,CSC,IND,2017-11-28
XCME,CME,CUS,CUS,"Housing Index Composite",USD,250,CUS,IND,2017-11-27
XCME,CME,CZK,CZK,"CZK.USD Forex",USD,4000000,CZK.USD,CASH,2017-12-18
XCME,CME,DA,DC,"MILK CLASS III INDEX",USD,2000,DA,IND,2017-11-28
XCME,CME,DEN,DEN,"Denver Housing Index",USD,250,DEN,IND,2017-11-27
XCME,CME,DY,DY,"CME DRY WHEY INDEX",USD,44000,DY,IND,2017-11-28
XCME,CME,E7,E7,"European Monetary Union Euro",USD,62500,EUR.USD,CASH,2000-03-13
XCME,CME,EAD,EAD,"European Monetary Union Euro",AUD,125000,EUR.AUD,CASH,2017-12-18
XCME,CME,ECD,ECD,"European Monetary Union Euro",CAD,125000,EUR.CAD,CASH,2017-12-18
XCME,CME,ECK,ECK,"ECK.EUR Forex",EUR,4000000,CZK.EUR,CASH,2017-12-18
XCME,CME,EHF,EHF,"EHF.EUR Forex",EUR,30000000,HUF.EUR,CASH,2017-12-18
XCME,CME,EM,GLB,"1 Month LIBOR (Int. Rate)",USD,2500,EM,IND,2017-10-16
XCME,CME,EMD,EMD,"E-mini S&P Midcap 400 Futures",USD,100,EMD,IND,2002-03-15
XCME,CME,EPZ,EPZ,"EPZ.EUR Forex",EUR,500000,PLN.EUR,CASH,2017-12-18
XCME,CME,ES,ES,"E-mini S&P 500",USD,50,ES,IND,1997-12-18
XCME,CME,ESTR,ESR,"Euro Short-Term Rate",EUR,2500,ESTR,IND,2023-09-19
XCME,CME,ETHEURRR,ETE,"CME CF Ether-Euro Reference Rate",EUR,50,ETHEUR_RR,IND,2022-09-30
XCME,CME,ETHUSDRR,ETH,"CME CF Ether-Dollar Reference Rate",USD,50,ETHUSD_RTI,IND,2021-03-26
XCME,CME,EUR,6E,"European Monetary Union Euro",USD,125000,EUR.USD,CASH,1999-03-15
XCME,CME,GBP,6B,"British pound",USD,62500,GBP.USD,CASH,1980-03-17
XCME,CME,GDK,GDK,"Class IV Milk - 200k lbs",USD,2000,GDK,IND,2017-11-28
XCME,CME,GE,GE,Euro-Dollar,USD,2500,GE,IND,2020-10-19
XCME,CME,GE,GE,"GLOBEX Euro-Dollar",USD,2500,GE,IND,2017-10-16
XCME,CME,GF,GF,"Feeder Cattle",USD,50000,GF,IND,1980-01-18
XCME,CME,GSCI,GD,"S&P-GSCI Index",USD,250,GSCI,IND,1996-06-06
XCME,CME,HE,HE,"Lean Hogs",USD,40000,HE,IND,1980-02-20
XCME,CME,HUF,HUF,"HUF.USD Forex",USD,30000000,HUF.USD,CASH,2017-12-18
XCME,CME,IBAA,IBV,"Bovespa Index - USD",USD,1,IBAA,IND,2017-10-18
XCME,CME,ILS,ILS,"Israeli Shekel in US Dollar",USD,1000000,ILS,IND,2017-12-18
XCME,CME,IXB,XAB,"Materials Select Sector Index",USD,100,IXB,IND,2017-12-15
XCME,CME,IXE,XAE,"Energy Select Sector Index",USD,100,IXE,IND,2017-12-15
XCME,CME,IXI,XAI,"Industrial Select Sector Index",USD,100,IXI,IND,2017-12-15
XCME,CME,IXM,XAF,"Financial Select Sector Index",USD,250,IXM,IND,2017-12-15
XCME,CME,IXR,XAP,"Consumer Staples Select Sector Index",USD,100,IXR,IND,2017-12-15
XCME,CME,IXRE,XAR,"Real Estate Select Sector Index",USD,250,IXRE,IND,2017-12-15
XCME,CME,IXT,XAK,"Technology Select Sector Index -",USD,100,IXT,IND,2017-12-15
XCME,CME,IXU,XAU,"Utilities Select Sector Index",USD,100,IXU,IND,2017-12-15
XCME,CME,IXV,XAV,"Health Care Select Sector Index",USD,100,IXV,IND,2017-12-15
XCME,CME,IXY,XAY,"Consumer Discretionary Select Sector Index",USD,100,IXY,IND,2017-12-15
XCME,CME,J7,J7,"J7.USD Forex",USD,6250000,JPY.USD,CASH,1999-12-13
XCME,CME,JPY,6J,"JPY.USD Forex",USD,12500000,JPY.USD,CASH,1980-03-17
XCME,CME,JPY,6J,"Japanese yen",USD,12500000,JPY.USD,CASH,2019-04-15
XCME,CME,KRW,KRW,"Korean Won",USD,125000000,KRW,IND,2017-10-16
XCME,CME,LAV,LAV,"Las Vegas Housing Index",USD,250,LAV,IND,2017-11-27
XCME,CME,LAX,LAX,"Los Angeles Housing Index",USD,250,LAX,IND,2017-11-27
XCME,CME,LB,LBS,"Random Length Lumber",USD,110,LB,IND,2017-11-15
XCME,CME,LBR,LBR,"Lumber Futures",USD,27.5,LBR,IND,2022-09-15
XCME,CME,LE,LE,"Live Cattle",USD,40000,LE,IND,1980-02-20
XCME,CME,M2K,M2K,"Micro E-Mini Russell 2000 Index",USD,5,M2K,IND,2019-06-21
XCME,CME,M6A,M6A,"Australian dollar",USD,10000,AUD.USD,CASH,2017-12-18
XCME,CME,M6B,M6B,"British pound",USD,6250,GBP.USD,CASH,2017-12-18
XCME,CME,M6C,M6C,"United States dollar",CAD,10000,USD.CAD,CASH,2021-09-14
XCME,CME,M6E,M6E,"European Monetary Union Euro",USD,12500,EUR.USD,CASH,2017-12-18
XCME,CME,M6J,M6J,"United States dollar",JPY,10000,USD.JPY,CASH,2021-09-13
XCME,CME,M6S,M6S,"United States dollar",CHF,10000,USD.CHF,CASH,2021-09-13
XCME,CME,MBT,MBT,"Micro Bitcoin",USD,0.1,MBT,IND,2021-06-25
XCME,CME,MCD,MCD,"MCD.USD Forex",USD,10000,CAD.USD,CASH,2017-12-19
XCME,CME,MES,MES,"Micro E-Mini S&P 500 Stock Price Index",USD,5,MES,IND,2019-06-21
XCME,CME,MET,MET,"Micro Ether",USD,0.1,MET,IND,2021-12-31
XCME,CME,MIA,MIA,"Miami Housing Index",USD,250,MIA,IND,2017-11-27
XCME,CME,MIR,MIR,"MIR.USD Forex",USD,1000000,INR.USD,CASH,2017-10-27
XCME,CME,MJY,MJY,"MJY.USD Forex",USD,1250000,JPY.USD,CASH,2017-12-18
XCME,CME,MNH,MNH,"United States dollar",CNH,10000,USD.CNH,CASH,2018-08-12
XCME,CME,MNQ,MNQ,"Micro E-Mini Nasdaq-100 Index",USD,2,MNQ,IND,2019-06-21
XCME,CME,MSF,MSF,"Swiss franc",USD,12500,CHF.USD,CASH,2017-12-18
XCME,CME,MXP,6M,"MXP.USD Forex",USD,500000,MXN.USD,CASH,2000-11-13
XCME,CME,MXP,6M,"Mexican Peso",USD,500000,MXN.USD,CASH,2019-03-18
XCME,CME,NF,GNF,"NON FAT DRY MILK INDEX",USD,44000,NF,IND,2017-11-28
XCME,CME,NIY,ENY,"Yen Denominated Nikkei 225 Index",JPY,100,NIY,IND,2017-12-07
XCME,CME,NIY,NIY,"Yen Denominated Nikkei 225 Index",JPY,500,NIY,IND,2017-10-12
XCME,CME,NKD,NKD,"Dollar Denominated Nikkei 225 Index",USD,5,NKD,IND,2017-12-07
XCME,CME,NOK,NOK,"NOK.USD Forex",USD,2000000,NOK.USD,CASH,2017-12-18
XCME,CME,NQ,NQ,"E-mini NASDAQ 100 ",USD,20,NQ,IND,2020-12-18
XCME,CME,NQ,NQ,"E-mini NASDAQ 100 Futures",USD,20,NQ,IND,1999-09-17
XCME,CME,NYM,NYM,"New York Housing Index",USD,250,NYM,IND,2017-11-27
XCME,CME,NZD,6N,"New Zealand dollar",USD,100000,NZD.USD,CASH,1997-06-16
XCME,CME,PJY,PJY,"British pound",JPY,125000,GBP.JPY,CASH,2017-12-18
XCME,CME,PLN,PLN,"PLN.USD Forex",USD,500000,PLN.USD,CASH,2017-12-18
XCME,CME,PSF,PSF,"British pound",CHF,125000,GBP.CHF,CASH,2017-12-18
XCME,CME,RF,RF,"European Monetary Union Euro",CHF,125000,EUR.CHF,CASH,1999-03-15
XCME,CME,RMB,RMB,"CME Chinese Renminbi in US Dollar Cross Rate",USD,1000000,RMB,IND,2017-10-15
XCME,CME,RME,RME,"CME Chinese Renminbi in Euro Cross Rate",EUR,1000000,RME,IND,2017-10-15
XCME,CME,RP,RP,"European Monetary Union Euro",GBP,125000,EUR.GBP,CASH,1999-03-15
XCME,CME,RS1,RS1,"E-mini Russell 1000 Index Futures",USD,50,RS1,IND,2018-09-21
XCME,CME,RSG,RSG,"E-mini Russell 1000 Growth Index Futures",USD,50,RSG,IND,2018-09-21
XCME,CME,RSV,RSV,"E-Mini Russell 1000 Value Index Futures",USD,50,RSV,IND,2018-09-21
XCME,CME,RTY,RTY,"E-Mini Russell 2000 Index",USD,50,RTY,IND,2001-09-21
XCME,CME,RTY,RTY,"E-mini Russell 2000 Index",USD,50,RTY,IND,2020-12-18
XCME,CME,RUR,6R,"Russian Ruble in US Dollars",USD,2500000,RUR,IND,2017-10-16
XCME,CME,RY,RY,"European Monetary Union Euro",JPY,125000,EUR.JPY,CASH,1999-03-24
XCME,CME,SDG,SDG,"San Diego Housing Index",USD,250,SDG,IND,2017-11-27
XCME,CME,SEK,SEK,"SEK.USD Forex",USD,2000000,SEK.USD,CASH,2017-12-18
XCME,CME,SFR,SFR,"San Francisco Housing Index",USD,250,SFR,IND,2017-11-27
XCME,CME,SGX,SG,"S&P 500 / Citigroup Growth Index",USD,250,SGX,IND,1995-12-14
XCME,CME,SIR,SIR,"SIR.USD Forex",USD,5000000,INR.USD,CASH,2017-10-27
XCME,CME,SJY,SJY,"Swiss franc",JPY,250000,CHF.JPY,CASH,2017-12-18
XCME,CME,SMC,SMC,"E-Mini S&P SmallCap 600 Futures",USD,100,SMC,IND,2017-12-15
XCME,CME,SOFR1,SR1,"Secured Overnight Financing Rate 1-month average of rates",USD,4167,SOFR1,IND,2018-10-31
XCME,CME,SOFR3,SR3,"Secured Overnight Financing Rate 3-month average of rates",USD,2500,SOFR3,IND,2018-12-18
XCME,CME,SONIA,SON,"Sterling Overnight Index Average",GBP,2500,SONIA,IND,2019-03-20
XCME,CME,SPX,SP,"S&P 500 Stock Index",USD,250,SPX,IND,2017-12-14
XCME,CME,SPXDIVAN,SDA,"S&P 500 Dividend Points (Annual) Index",USD,250,SPXDIVAN,IND,2020-12-18
XCME,CME,SPXESUP,ESG,"E-mini S&P 500 ESG",USD,500,SPXESUP,IND,2020-12-18
XCME,CME,SVX,SU,"S&P 500 / Citigroup Value Index",USD,250,SVX,IND,1995-12-14
XCME,CME,TBF3,TBF3,"13-Week US Treasury Bill",USD,2500,TBF3,IND,2023-10-16
XCME,CME,VOLQ,VLQ,"NASDAQ-100 Volatility Index",USD,100,VOLQ,IND,2022-02-16
XCME,CME,WDC,WDC,"Washington DC Housing Index",USD,250,WDC,IND,2017-11-27
XCME,CME,ZAR,6Z,"South African Rand",USD,500000,ZAR.USD,CASH,2020-11-16
XCME,CME,ZAR,6Z,"ZAR.USD Forex",USD,500000,ZAR.USD,CASH,1997-08-18
XDMI,IDEM,FTMIB,FTMIB,"FTSE MIB Index",EUR,5,FTMIB,IND,2017-12-15
XDMI,IDEM,FTMIB,MICRO,"FTSE MIB Index",EUR,0.2,FTMIB,IND,2020-12-18
XDMI,IDEM,FTMIB,MINI,"FTSE MIB Index",EUR,1,FTMIB,IND,2017-12-15
XDMI,IDEM,MIBDIV,FDIV,"FTSE MIB Dividend Index",EUR,5,MIBDIV,IND,2017-12-15
XEMD,MEXDER,BONO10,M10,"10 Year Bond",MXN,1000,BONO10,IND,2017-12-26
XEMD,MEXDER,BONO3,M3,"3 Year Bond",MXN,1000,BONO3,IND,2017-12-26
XEMD,MEXDER,DEUA,DA,"United States dollar",MXN,10000,USD.MXN,CASH,2017-10-16
XEMD,MEXDER,EURO,EU,"European Monetary Union Euro",MXN,10000,EUR.MXN,CASH,2017-10-16
XEMD,MEXDER,IPC,IPC,"Mexico Bolsa (IPC) Index",MXN,10,IPC,IND,2017-12-15
XEMD,MEXDER,IPC,MIP,"Mexico Bolsa (IPC) Index",MXN,2,IPC,IND,2017-12-15
XEUE,FTA,AMX,FMX,"AMX INDEX",EUR,50,AMX,IND,2017-10-20
XEUE,FTA,EOE,FTI,"AMS EOE Index",EUR,200,AEX,IND,2017-10-20
XEUE,FTA,EOE,MFA,"AMS EOE Index",EUR,20,AEX,IND,2017-10-20
XEUE,FTA,FED,FED,"Euro in US Dollars Index",USD,20000,FED,IND,2017-10-20
XEUR,DTB,BTP,FBTP,"Euro-BTP Italian Government Bond",EUR,1000,BTP,IND,2009-12-08
XEUR,EUREX,BTP,FBTP,"Euro-BTP Italian Government Bond",EUR,1000,BTP,IND,2020-12-08
XEUR,DTB,BTS,FBTS,"Short-Term Euro-BTP Italian Government Bond",EUR,1000,BTS,IND,2017-12-07
XEUR,EUREX,BTS,FBTS,"Short-Term Euro-BTP Italian Government Bond",EUR,1000,BTS,IND,2020-12-08
XEUR,EUREX,CONF,CONF,"Swiss Federal Long-Term Bonds",CHF,1000,CONF,IND,2020-12-08
XEUR,DTB,DAX,FDAX,"DAX 30 Index (Deutsche Aktien Xchange 30)",EUR,25,DAX,IND,2017-12-15
XEUR,DTB,DAX,FDAX,"DAX 40 Index (Deutsche Aktien Xchange 40)",EUR,25,DAX,IND,2019-12-20
XEUR,DTB,DAX,FDXM,"DAX 30 Index (Deutsche Aktien Xchange 30)",EUR,5,DAX,IND,2017-12-15
XEUR,DTB,DAX,FDXM,"DAX 40 Index (Deutsche Aktien Xchange 40)",EUR,5,DAX,IND,2019-12-20
XEUR,EUREX,DAX,FDAX,"DAX 40 Index (Deutsche Aktien Xchange 40)",EUR,25,DAX,IND,2020-12-18
XEUR,EUREX,DAX,FDXM,"DAX 40 Index (Deutsche Aktien Xchange 40)",EUR,5,DAX,IND,2020-12-18
XEUR,EUREX,DAX,FDXS,"DAX 40 Index (Deutsche Aktien Xchange 40)",EUR,1,DAX,IND,2021-06-18
XEUR,EUREX,DBEA,FEBD,"EURO STOXX Banks Index Dividend Futures",EUR,500,DBEA,IND,2020-12-18
XEUR,DTB,DDAX,FDIV,"DivDAX Price Index",EUR,200,GSUK,IND,2017-12-15
XEUR,EUREX,DDAX,FDIV,"DivDAX Price Index",EUR,200,GSUK,IND,2020-12-18
XEUR,DTB,DDXDIVPT,FDVD,"DivDAX Dividend Points Index",EUR,1000,G73K,IND,2017-12-15
XEUR,EUREX,DDXDIVPT,FDVD,"DivDAX Dividend Points Index",EUR,1000,G73K,IND,2020-12-18
XEUR,DTB,DESX5,FEXD,"Dow Jones EURO STOXX 50 Index-Dividenden",EUR,100,SX5ED,IND,2017-12-15
XEUR,EUREX,DESX5,FEXD,"Dow Jones EURO STOXX 50 Index-Dividenden",EUR,100,SX5ED,IND,2020-12-18
XEUR,EUREX,DESX5,FEXD,"EURO STOXX 50 Index-Dividenden",EUR,100,SX5ED,IND,2021-12-17
XEUR,DTB,DJ200,FMCP,"Dow Jones STOXX MID 200 Index",EUR,50,DJ200,IND,2017-12-15
XEUR,EUREX,DJ200,FMCP,"Dow Jones STOXX MID 200 Index",EUR,50,DJ200,IND,2020-12-18
XEUR,EUREX,DJ200,FMCP,"STOXX MID 200 Index",EUR,50,DJ200,IND,2021-12-17
XEUR,DTB,DJ200L,FLCP,"Dow Jones STOXX Large 200 Index",EUR,50,LCXP,IND,2017-12-15
XEUR,EUREX,DJ200L,FLCP,"Dow Jones STOXX Large 200 Index",EUR,50,LCXP,IND,2020-12-18
XEUR,EUREX,DJ200L,FLCP,"STOXX Large 200 Index",EUR,50,LCXP,IND,2021-12-17
XEUR,DTB,DJ200S,FSCP,"Dow Jones STOXX Small 200 Index",EUR,50,SCXP,IND,2017-12-15
XEUR,EUREX,DJ200S,FSCP,"Dow Jones STOXX Small 200 Index",EUR,50,SCXP,IND,2020-12-18
XEUR,EUREX,DJ200S,FSCP,"STOXX Small 200 Index",EUR,50,SCXP,IND,2021-12-17
XEUR,DTB,DJ600,FXXP,"Dow Jones STOXX 600 Index",EUR,50,DJ600,IND,2017-12-15
XEUR,EUREX,DJ600,FXXP,"Dow Jones STOXX 600 Index",EUR,50,DJ600,IND,2020-12-18
XEUR,EUREX,DJ600,FXXP,"STOXX 600 Index",EUR,50,DJ600,IND,2021-12-17
XEUR,DTB,DJES,FXXE,"Dow Jones Euro STOXX Price Index",EUR,50,SXXE,IND,2017-12-15
XEUR,EUREX,DJES,FXXE,"Dow Jones Euro STOXX Price Index",EUR,50,SXXE,IND,2020-12-18
XEUR,EUREX,DJES,FXXE,"Euro STOXX Price Index",EUR,50,SXXE,IND,2021-12-17
XEUR,DTB,DJESL,FLCE,"Euro Stoxx Large",EUR,50,LCXE,IND,2017-12-15
XEUR,EUREX,DJESL,FLCE,"Euro Stoxx Large",EUR,50,LCXE,IND,2020-12-18
XEUR,DTB,DJESM,FMCE,"Euro Stoxx Mid",EUR,50,MCXE,IND,2017-12-15
XEUR,EUREX,DJESM,FMCE,"Euro Stoxx Mid",EUR,50,MCXE,IND,2020-12-18
XEUR,DTB,DJESS,FSCE,"Euro Stoxx Small",EUR,50,SCXE,IND,2017-12-15
XEUR,EUREX,DJESS,FSCE,"Euro Stoxx Small",EUR,50,SCXE,IND,2020-12-18
XEUR,DTB,DJSD,FEDV,"Dow Jones Euro STOXX Select Dividend 30 Index",EUR,10,SD3E,IND,2017-12-15
XEUR,EUREX,DJSD,FEDV,"Dow Jones Euro STOXX Select Dividend 30 Index",EUR,10,SD3E,IND,2020-12-18
XEUR,EUREX,DJSD,FEDV,"Euro STOXX Select Dividend 30 Index",EUR,10,SD3E,IND,2021-12-17
XEUR,DTB,DJUBS,FCCO,"Dow Jones-UBS Commodity Index",USD,250,DJUBS,IND,2017-10-20
XEUR,EUREX,DJUBS,FCCO,"Dow Jones-UBS Commodity Index",USD,250,DJUBS,IND,2020-09-18
XEUR,DTB,ESA,FESA,"Dow Jones Euro STOXX 600 Automobile & Parts",EUR,50,SXAE,IND,2017-12-15
XEUR,EUREX,ESA,FESA,"Dow Jones Euro STOXX 600 Automobile & Parts",EUR,50,SXAE,IND,2020-12-18
XEUR,EUREX,ESA,FESA,"Euro STOXX 600 Automobile & Parts",EUR,50,SXAE,IND,2021-12-17
XEUR,DTB,ESE,FESE,"Dow Jones Euro STOXX Oil & Gas",EUR,50,SXEE,IND,2017-12-15
XEUR,EUREX,ESE,FESE,"Dow Jones Euro STOXX Oil & Gas",EUR,50,SXEE,IND,2020-12-18
XEUR,EUREX,ESE,FESE,"Euro STOXX Oil & Gas",EUR,50,SXEE,IND,2021-12-17
XEUR,DTB,ESF,FESF,"Dow Jones Euro STOXX Financial Services Index",EUR,50,SXFE,IND,2017-12-15
XEUR,EUREX,ESF,FESF,"Dow Jones Euro STOXX Financial Services Index",EUR,50,SXFE,IND,2020-12-18
XEUR,EUREX,ESF,FESF,"Euro STOXX Financial Services Index",EUR,50,SXFE,IND,2021-12-17
XEUR,DTB,ESI,FESI,"Dow Jones Euro STOXX Insurance",EUR,50,SXIE,IND,2017-12-15
XEUR,EUREX,ESI,FESI,"Dow Jones Euro STOXX Insurance",EUR,50,SXIE,IND,2020-12-18
XEUR,EUREX,ESI,FESI,"Euro STOXX Insurance",EUR,50,SXIE,IND,2021-12-17
XEUR,DTB,ESM,FESM,"Dow Jones Euro STOXX Media Index",EUR,50,SXME,IND,2017-12-15
XEUR,EUREX,ESM,FESM,"Dow Jones Euro STOXX Media Index",EUR,50,SXME,IND,2020-12-18
XEUR,EUREX,ESM,FESM,"Euro STOXX Media Index",EUR,50,SXME,IND,2021-12-17
XEUR,DTB,ESTX50,FESX,"Dow Jones Euro STOXX50",EUR,10,ESTX50,IND,2001-12-21
XEUR,EUREX,ESTX50,FESX,"Dow Jones Euro STOXX50",EUR,10,ESTX50,IND,2020-12-18
XEUR,EUREX,ESTX50,FESX,"Euro STOXX50",EUR,10,ESTX50,IND,2021-09-17
XEUR,EUREX,ESTX50,FSXE,"Dow Jones Euro STOXX50",EUR,1,ESTX50,IND,2001-12-21
XEUR,EUREX,ESTX50,FSXE,"Euro STOXX50",EUR,1,ESTX50,IND,2021-09-17
XEUR,DTB,ESU,FESU,"Dow Jones Euro STOXX Utilities Index",EUR,50,SX6E,IND,2017-12-15
XEUR,EUREX,ESU,FESU,"Dow Jones Euro STOXX Utilities Index",EUR,50,SX6E,IND,2020-12-18
XEUR,EUREX,ESU,FESU,"Euro STOXX Utilities Index",EUR,50,SX6E,IND,2021-12-17
XEUR,DTB,EU3,FEU3,"Three Month EURIBOR",EUR,2500,EU3,IND,2017-10-16
XEUR,EUREX,EU3,FEU3,"Three Month EURIBOR",EUR,2500,EU3,IND,2020-10-19
XEUR,EUREX,FBON,FBON,"Euro BONO Futures on Long-term Spanish Government Bonds",EUR,1000,FBON,IND,2020-12-08
XEUR,DTB,FT25,FT25,"Tel Aviv 35 Index",USD,25,FT25,IND,2017-10-25
XEUR,DTB,GBL,FGBL,"Euro Bund (10 Year Bond)",EUR,1000,GBL,IND,1991-03-28
XEUR,EUREX,GBL,FGBL,"Euro Bund (10 Year Bond)",EUR,1000,GBL,IND,2020-12-08
XEUR,DTB,GBM,FGBM,"Euro Bobl (5 Year Bond)",EUR,1000,GBM,IND,1992-06-05
XEUR,EUREX,GBM,FGBM,"Euro Bobl (5 Year Bond)",EUR,1000,GBM,IND,2020-12-08
XEUR,DTB,GBS,FGBS,"Euro Schatz (2 Year Bond)",EUR,1000,GBS,IND,1997-06-06
XEUR,EUREX,GBS,FGBS,"Euro Schatz (2 Year Bond)",EUR,1000,GBS,IND,2020-12-08
XEUR,DTB,GBX,FGBX,"Euro Buxl (15 - 30 Year Bond)",EUR,1000,GBX,IND,2017-12-07
XEUR,EUREX,GBX,FGBX,"Euro Buxl (15 - 30 Year Bond)",EUR,1000,GBX,IND,2020-12-08
XEUR,EUREX,M1CN,FMCH,"MSCI China NTR USD",USD,50,M1CN,IND,2023-08-31
XEUR,DTB,M1CNX,FMCN,"MSCI China Free Net Total Return (USD) Index",USD,50,M1CNX,IND,2022-12-16
XEUR,EUREX,M1CNX,FMCN,"MSCI China Free Net Total Return (USD) Index",USD,50,M1CNX,IND,2020-12-18
XEUR,DTB,M1EF,FMEM,"MSCI Emerging Markets Net Total Return Index",USD,100,M1EF,IND,2019-03-15
XEUR,EUREX,M1EF,FMEM,"MSCI Emerging Markets Net Total Return Index",USD,100,M1EF,IND,2020-12-18
XEUR,EUREX,M1IN,FMIN,"MSCI India NTR USD",USD,100,M1IN,IND,2023-08-31
XEUR,EUREX,M1MS,FMEA,"MSCI Emerging Markets Asia",USD,100,M1MS,IND,2021-03-19
XEUR,EUREX,M1TW,FMTW,"MSCI Taiwan NTR USD",USD,100,M1TW,IND,2023-08-31
XEUR,DTB,M1WO,FMWO,"MSCI World NETR USD Index",USD,10,M1WO,IND,2017-12-15
XEUR,EUREX,M1WO,FMWO,"MSCI World NETR USD Index",USD,10,M1WO,IND,2020-12-18
XEUR,DTB,M7EU,FMEU,"MSCI Europe Net Return EUR Index",EUR,100,M7EU,IND,2017-12-15
XEUR,EUREX,M7EU,FMEU,"MSCI Europe Net Return EUR Index",EUR,100,M7EU,IND,2020-12-18
XEUR,DTB,MBWO,FMWN,"MSCI World Net EUR Index 1",EUR,100,MBWO,IND,2017-12-15
XEUR,EUREX,MBWO,FMWN,"MSCI World Net EUR Index 1",EUR,100,MBWO,IND,2020-12-18
XEUR,DTB,MDAX,F2MX,"Midcap DAX",EUR,5,MDAX,IND,2017-12-15
XEUR,EUREX,MDAX,F2MX,"Midcap DAX",EUR,5,MDAX,IND,2020-12-18
XEUR,EUREX,MDAX,FSMX,"Midcap DAX",EUR,1,MDAX,IND,2022-09-16
XEUR,EUREX,MXEU,FMEP,"MSCI Europe",EUR,100,MXEU,IND,2020-12-18
XEUR,DTB,MXJPUS,FMJP,"MSCI JAPAN INDEX - USD",USD,10,MXJPUS,IND,2017-12-15
XEUR,EUREX,MXJPUS,FMJP,"MSCI JAPAN INDEX - USD",USD,10,MXJPUS,IND,2020-12-18
XEUR,DTB,MXRU,FMRU,"MSCI Russia Index",USD,10,MXRU,IND,2017-12-15
XEUR,EUREX,MXWO,FMWP,"MSCI World Index",USD,10,MXWO,IND,2020-12-18
XEUR,DTB,OAT,FOAT,"Euro-OAT French Government Bond",EUR,1000,OAT,IND,2017-12-07
XEUR,EUREX,OAT,FOAT,"Euro-OAT French Government Bond",EUR,1000,OAT,IND,2020-12-08
XEUR,DTB,OMXH25,FFOX,"OMX Helsinki 25 Index",EUR,10,OMXH25,IND,2018-03-16
XEUR,EUREX,OMXH25,FFOX,"OMX Helsinki 25 Index",EUR,10,OMXH25,IND,2020-12-18
XEUR,DTB,RDXUSD,FRDX,"Russian Depositary (USD)",USD,10,RDXUSD,IND,2017-12-15
XEUR,DTB,SD3ED,FD3D,"Euro Stoxx Select Dividend 30 DVP",EUR,100,SD3ED,IND,2019-12-20
XEUR,EUREX,SD3ED,FD3D,"Euro Stoxx Select Dividend 30 DVP",EUR,100,SD3ED,IND,2020-12-18
XEUR,DTB,SEESGSEP,FSLS,"STOXX Europe ESG Leaders Select 30",EUR,100,SEESGSEP,IND,2020-12-18
XEUR,EUREX,SLI,FSLI,"Swiss Leader Index (PREIS_INDEX)",CHF,10,SLI,IND,2020-12-18
XEUR,EUREX,SMI,FSMI,"Swiss Market Index",CHF,10,SMI,IND,2020-12-18
XEUR,EUREX,SMI,FSMS,"Swiss Market Index",CHF,1,SMI,IND,2021-06-18
XEUR,EUREX,SMIDP,FSMD,"SMI Dividend Points Index",CHF,100,SMIDP,IND,2020-12-18
XEUR,EUREX,SMIM,FSMM,"Swiss Mid-cap Index",CHF,10,SMIM,IND,2020-12-18
XEUR,DTB,STX,FSTX,"Dow Jones STOXX50",EUR,10,STX,IND,2017-12-15
XEUR,EUREX,STX,FSTX,"Dow Jones STOXX50",EUR,10,STX,IND,2020-12-18
XEUR,EUREX,STX,FSTX,STOXX50,EUR,10,STX,IND,2021-12-17
XEUR,DTB,SX3E,FESO,"Dow Jones Euro STOXX Food&Beverages",EUR,50,SX3E,IND,2017-12-15
XEUR,EUREX,SX3E,FESO,"Dow Jones Euro STOXX Food&Beverages",EUR,50,SX3E,IND,2020-12-18
XEUR,EUREX,SX3E,FESO,"Euro STOXX Food&Beverages",EUR,50,SX3E,IND,2021-12-17
XEUR,DTB,SX3P,FSTO,"Dow Jones STOXX 600 Food & Beverage Index",EUR,50,SX3P,IND,2017-12-15
XEUR,EUREX,SX3P,FSTO,"Dow Jones STOXX 600 Food & Beverage Index",EUR,50,SX3P,IND,2020-12-18
XEUR,EUREX,SX3P,FSTO,"STOXX 600 Food & Beverage Index",EUR,50,SX3P,IND,2021-12-17
XEUR,DTB,SX4E,FESC,"Dow Jones Euro STOXX Chemicals",EUR,50,SX4E,IND,2017-12-15
XEUR,EUREX,SX4E,FESC,"Dow Jones Euro STOXX Chemicals",EUR,50,SX4E,IND,2020-12-18
XEUR,EUREX,SX4E,FESC,"Euro STOXX Chemicals",EUR,50,SX4E,IND,2021-12-17
XEUR,DTB,SX4P,FSTC,"Dow Jones STOXX 600 Chemicals",EUR,50,SX4P,IND,2017-12-15
XEUR,EUREX,SX4P,FSTC,"Dow Jones STOXX 600 Chemicals",EUR,50,SX4P,IND,2020-12-18
XEUR,EUREX,SX4P,FSTC,"STOXX 600 Chemicals",EUR,50,SX4P,IND,2021-12-17
XEUR,DTB,SX6P,FSTU,"Dow Jones STOXX 600 Utilities",EUR,50,SX6P,IND,2017-12-15
XEUR,EUREX,SX6P,FSTU,"Dow Jones STOXX 600 Utilities",EUR,50,SX6P,IND,2020-12-18
XEUR,EUREX,SX6P,FSTU,"STOXX 600 Utilities",EUR,50,SX6P,IND,2021-12-17
XEUR,DTB,SX7E,FESB,"Dow Jones Euro STOXX Banks Index",EUR,50,SX7E,IND,2017-12-15
XEUR,EUREX,SX7E,FESB,"Dow Jones Euro STOXX Banks Index",EUR,50,SX7E,IND,2020-12-18
XEUR,EUREX,SX7E,FESB,"Euro STOXX Banks Index",EUR,50,SX7E,IND,2021-12-17
XEUR,DTB,SX7P,FSTB,"Dow Jones STOXX 600 Banks",EUR,50,SX7P,IND,2017-12-15
XEUR,EUREX,SX7P,FSTB,"Dow Jones STOXX 600 Banks",EUR,50,SX7P,IND,2020-12-18
XEUR,EUREX,SX7P,FSTB,"STOXX 600 Banks",EUR,50,SX7P,IND,2021-12-17
XEUR,DTB,SX86P,FSTL,"Dow Jones STOXX 600 Real Estate",EUR,50,SX86P,IND,2017-12-15
XEUR,EUREX,SX86P,FSTL,"Dow Jones STOXX 600 Real Estate",EUR,50,SX86P,IND,2020-12-18
XEUR,EUREX,SX86P,FSTL,"STOXX 600 Real Estate",EUR,50,SX86P,IND,2021-12-17
XEUR,DTB,SX8E,FESY,"Dow Jones Euro STOXX Technology",EUR,50,SX8E,IND,2017-12-15
XEUR,EUREX,SX8E,FESY,"Dow Jones Euro STOXX Technology",EUR,50,SX8E,IND,2020-12-18
XEUR,EUREX,SX8E,FESY,"Euro STOXX Technology",EUR,50,SX8E,IND,2021-12-17
XEUR,DTB,SX8P,FSTY,"Dow Jones STOXX 600 Technology",EUR,50,SX8P,IND,2017-12-15
XEUR,EUREX,SX8P,FSTY,"Dow Jones STOXX 600 Technology",EUR,50,SX8P,IND,2020-12-18
XEUR,EUREX,SX8P,FSTY,"STOXX 600 Technology",EUR,50,SX8P,IND,2021-12-17
XEUR,DTB,SXAP,FSTA,"Dow Jones STOXX 600 Automobiles & Parts",EUR,50,SXAP,IND,2017-12-15
XEUR,EUREX,SXAP,FSTA,"Dow Jones STOXX 600 Automobiles & Parts",EUR,50,SXAP,IND,2020-12-18
XEUR,EUREX,SXAP,FSTA,"STOXX 600 Automobiles & Parts",EUR,50,SXAP,IND,2021-12-17
XEUR,DTB,SXDE,FESH,"Dow Jones Euro STOXX Healthcare",EUR,50,SXDE,IND,2017-12-15
XEUR,EUREX,SXDE,FESH,"Dow Jones Euro STOXX Healthcare",EUR,50,SXDE,IND,2020-12-18
XEUR,EUREX,SXDE,FESH,"Euro STOXX Healthcare",EUR,50,SXDE,IND,2021-12-17
XEUR,DTB,SXDP,FSTH,"Dow Jones STOXX 600 Healthcare",EUR,50,SXDP,IND,2017-12-15
XEUR,EUREX,SXDP,FSTH,"Dow Jones STOXX 600 Healthcare",EUR,50,SXDP,IND,2020-12-18
XEUR,EUREX,SXDP,FSTH,"STOXX 600 Healthcare",EUR,50,SXDP,IND,2021-12-17
XEUR,DTB,SXEP,FSTE,"Dow Jones STOXX 600 Oil & Gas",EUR,50,SXEP,IND,2017-12-15
XEUR,EUREX,SXEP,FSTE,"Dow Jones STOXX 600 Oil & Gas",EUR,50,SXEP,IND,2020-12-18
XEUR,EUREX,SXEP,FSTE,"STOXX 600 Oil & Gas",EUR,50,SXEP,IND,2021-12-17
XEUR,DTB,SXFP,FSTF,"Dow Jones STOXX 600 Financial Services Index",EUR,50,SXFP,IND,2017-12-15
XEUR,EUREX,SXFP,FSTF,"Dow Jones STOXX 600 Financial Services Index",EUR,50,SXFP,IND,2020-12-18
XEUR,EUREX,SXFP,FSTF,"STOXX 600 Financial Services Index",EUR,50,SXFP,IND,2021-12-17
XEUR,DTB,SXIP,FSTI,"Dow Jones STOXX 600 Insurance",EUR,50,SXIP,IND,2017-12-15
XEUR,EUREX,SXIP,FSTI,"Dow Jones STOXX 600 Insurance",EUR,50,SXIP,IND,2020-12-18
XEUR,EUREX,SXIP,FSTI,"STOXX 600 Insurance",EUR,50,SXIP,IND,2021-12-17
XEUR,DTB,SXKE,FEST,"Dow Jones Euro STOXX Telecommunications",EUR,50,SXKE,IND,2017-12-15
XEUR,EUREX,SXKE,FEST,"Dow Jones Euro STOXX Telecommunications",EUR,50,SXKE,IND,2020-12-18
XEUR,EUREX,SXKE,FEST,"Euro STOXX Telecommunications",EUR,50,SXKE,IND,2021-12-17
XEUR,DTB,SXKP,FSTT,"Dow Jones STOXX 600 Telecommunications",EUR,50,SXKP,IND,2017-12-15
XEUR,EUREX,SXKP,FSTT,"Dow Jones STOXX 600 Telecommunications",EUR,50,SXKP,IND,2020-12-18
XEUR,EUREX,SXKP,FSTT,"STOXX 600 Telecommunications",EUR,50,SXKP,IND,2021-12-17
XEUR,DTB,SXMP,FSTM,"Dow Jones STOXX 600 Media",EUR,50,SXMP,IND,2017-12-15
XEUR,EUREX,SXMP,FSTM,"Dow Jones STOXX 600 Media",EUR,50,SXMP,IND,2020-12-18
XEUR,EUREX,SXMP,FSTM,"STOXX 600 Media",EUR,50,SXMP,IND,2021-12-17
XEUR,DTB,SXNE,FESG,"Dow Jones Euro STOXX Industrial Goods&Services",EUR,50,SXNE,IND,2017-12-15
XEUR,EUREX,SXNE,FESG,"Dow Jones Euro STOXX Industrial Goods&Services",EUR,50,SXNE,IND,2020-12-18
XEUR,EUREX,SXNE,FESG,"Euro STOXX Industrial Goods&Services",EUR,50,SXNE,IND,2021-12-17
XEUR,DTB,SXNP,FSTG,"Dow Jones STOXX 600 Industrial Goods & Services Index",EUR,50,SXNP,IND,2017-12-15
XEUR,EUREX,SXNP,FSTG,"Dow Jones STOXX 600 Industrial Goods & Services Index",EUR,50,SXNP,IND,2020-12-18
XEUR,EUREX,SXNP,FSTG,"STOXX 600 Industrial Goods & Services Index",EUR,50,SXNP,IND,2021-12-17
XEUR,DTB,SXOE,FESN,"Dow Jones Euro STOXX Construction",EUR,50,SXOE,IND,2017-12-15
XEUR,EUREX,SXOE,FESN,"Dow Jones Euro STOXX Construction",EUR,50,SXOE,IND,2020-12-18
XEUR,EUREX,SXOE,FESN,"Euro STOXX Construction",EUR,50,SXOE,IND,2021-12-17
XEUR,DTB,SXOP,FSTN,"Dow Jones STOXX 600 Construction & Materials",EUR,50,SXOP,IND,2017-12-15
XEUR,EUREX,SXOP,FSTN,"Dow Jones STOXX 600 Construction & Materials",EUR,50,SXOP,IND,2020-12-18
XEUR,EUREX,SXOP,FSTN,"STOXX 600 Construction & Materials",EUR,50,SXOP,IND,2021-12-17
XEUR,DTB,SXPE,FESS,"Dow Jones Euro STOXX Basic Resources",EUR,50,SXPE,IND,2017-12-15
XEUR,EUREX,SXPE,FESS,"Dow Jones Euro STOXX Basic Resources",EUR,50,SXPE,IND,2020-12-18
XEUR,EUREX,SXPE,FESS,"Euro STOXX Basic Resources",EUR,50,SXPE,IND,2021-12-17
XEUR,DTB,SXPP,FSTS,"Dow Jones STOXX 600 Basic Resources Index",EUR,50,SXPP,IND,2017-12-15
XEUR,EUREX,SXPP,FSTS,"Dow Jones STOXX 600 Basic Resources Index",EUR,50,SXPP,IND,2020-12-18
XEUR,EUREX,SXPP,FSTS,"STOXX 600 Basic Resources Index",EUR,50,SXPP,IND,2021-12-17
XEUR,DTB,SXQE,FESZ,"Dow Jones Euro STOXX Personal & Household Goods",EUR,50,SXQE,IND,2017-12-15
XEUR,EUREX,SXQE,FESZ,"Dow Jones Euro STOXX Personal & Household Goods",EUR,50,SXQE,IND,2020-12-18
XEUR,EUREX,SXQE,FESZ,"Euro STOXX Personal & Household Goods",EUR,50,SXQE,IND,2021-12-17
XEUR,DTB,SXQP,FSTZ,"Dow Jones STOXX 600 Personal & Household Goods",EUR,50,SXQP,IND,2017-12-15
XEUR,EUREX,SXQP,FSTZ,"Dow Jones STOXX 600 Personal & Household Goods",EUR,50,SXQP,IND,2020-12-18
XEUR,EUREX,SXQP,FSTZ,"STOXX 600 Personal & Household Goods",EUR,50,SXQP,IND,2021-12-17
XEUR,DTB,SXRE,FESR,"Dow Jones Euro STOXX Retail",EUR,50,SXRE,IND,2017-12-15
XEUR,EUREX,SXRE,FESR,"Dow Jones Euro STOXX Retail",EUR,50,SXRE,IND,2020-12-18
XEUR,EUREX,SXRE,FESR,"Euro STOXX Retail",EUR,50,SXRE,IND,2021-12-17
XEUR,DTB,SXRP,FSTR,"Dow Jones STOXX 600 Retail",EUR,50,SXRP,IND,2017-12-15
XEUR,EUREX,SXRP,FSTR,"Dow Jones STOXX 600 Retail",EUR,50,SXRP,IND,2020-12-18
XEUR,EUREX,SXRP,FSTR,"STOXX 600 Retail",EUR,50,SXRP,IND,2021-12-17
XEUR,DTB,SXTE,FESV,"Dow Jones Euro STOXX Travel & Leisure",EUR,50,SXTE,IND,2017-12-15
XEUR,EUREX,SXTE,FESV,"Dow Jones Euro STOXX Travel & Leisure",EUR,50,SXTE,IND,2020-12-18
XEUR,EUREX,SXTE,FESV,"Euro STOXX Travel & Leisure",EUR,50,SXTE,IND,2021-12-17
XEUR,DTB,SXTP,FSTV,"Dow Jones STOXX 600 Travel & Leisure",EUR,50,SXTP,IND,2017-12-15
XEUR,EUREX,SXTP,FSTV,"Dow Jones STOXX 600 Travel & Leisure",EUR,50,SXTP,IND,2020-12-18
XEUR,EUREX,SXTP,FSTV,"STOXX 600 Travel & Leisure",EUR,50,SXTP,IND,2021-12-17
XEUR,EUREX,SXXPESGX,FSEG,"STOXX Europe 600 ESG-X",EUR,100,SXXPESGX,IND,2020-12-18
XEUR,DTB,TDX,FTDX,TECDAX,EUR,10,TDX,IND,2017-12-15
XEUR,EUREX,TDX,FTDX,TECDAX,EUR,10,TDX,IND,2020-12-18
XEUR,DTB,V2TX,FVS,"VSTOXX Volatility Index",EUR,100,V2TX,IND,2017-10-18
XEUR,EUREX,V2TX,FVS,"VSTOXX Volatility Index",EUR,100,V2TX,IND,2020-10-21
XHKF,HKFE,CES120,CHH,"CES China 120 Index",HKD,50,CES120,IND,2017-10-30
XHKF,HKFE,CNH,CUS,"United States dollar",CNH,100000,USD.CNH,CASH,2017-10-16
XHKF,HKFE,GDR,GDR,"CNH Gold Futures",CNH,1000,GDR,IND,2017-10-16
XHKF,HKFE,GDU,GDU,"USD Gold Futures",USD,1000,GDU,IND,2017-10-16
XHKF,HKFE,HHI.HK,HHI,"Hang Seng China Enterprise Index",HKD,50,HHI,IND,2017-10-30
XHKF,HKFE,HHIDPI,DHH,"HSCEI Dividend Point Index",HKD,50,HSCEIDPI,IND,2017-12-27
XHKF,HKFE,HSI,HSI,"Hang Seng Stock Index",HKD,50,HSI,IND,1986-05-29
XHKF,HKFE,HSIDPI,DHS,"HSI Dividend Point Index",HKD,50,HSIDPI,IND,2017-12-27
XHKF,HKFE,HSTECH,HTI,"Hang Seng TECH Index",HKD,50,HSTECH,IND,2020-11-27
XHKF,HKFE,IBOV,BOV,"Brazil Bovespa Stock Index",HKD,5,IBOV,IND,2017-10-18
XHKF,HKFE,MCA,MCA,"MSCI China A 50 Connect Index",USD,25,MCA,IND,2021-11-19
XHKF,HKFE,MCH.HK,MCH,"Mini-Hang Seng China Enterprises Index",HKD,10,MCH,IND,2017-10-30
XHKF,HKFE,MCN.HK,MCN,"MSCI China Free  Net Total Return (USD) Index (HKFE)",USD,50,MCN.HK,IND,2020-08-21
XHKF,HKFE,MCS,MCS,"United States dollar",CNH,20000,USD.CNH,CASH,2021-05-17
XHKF,HKFE,MHI,MHI,"Mini Hang Seng Index",HKD,10,MHI,IND,2001-09-27
XHKF,HKFE,MID.HK,MIA,"MSCI Indonesia Index (USD) - HKFE",USD,2,MID.HK,IND,2021-07-29
XHKF,HKFE,MID.HK,MID,"MSCI Indonesia Index (USD) - HKFE",USD,2,MID.HK,IND,2020-08-28
XHKF,HKFE,MND,MND,"MSCI India Index (USD) - HKFE",USD,20,MND,IND,2023-03-29
XHKF,HKFE,MTW,MTW,"MSCI Taiwan (USD) Index - HKFE",USD,100,MTW,IND,2020-07-30
XHKF,HKFE,TOP40,SAF,"FTSE/JSE Africa Top40 Index",HKD,10,TOP40,IND,2017-12-21
XHKF,HKFE,VHSI,VHS,"Hang Seng Volatility Index",HKD,5000,VHSI,IND,2017-10-30
XKRX,KSE,3KTB,165,"3-Year Korea Treasury Bond",KRW,1000000,3KTB,IND,2017-12-19
XKRX,KSE,FLKTB,167,"10-Year Korea Treasury Bond",KRW,1000000,FLKTB,IND,2017-12-19
XKRX,KSE,K200,01,"KOSPI200 Index",KRW,250000,KS200,IND,2017-12-14
XKRX,KSE,K200M,05,"Mini KOSPI200 Index",KRW,50000,K200M,IND,2017-10-12
XKRX,KSE,KOSDQ150,06,"KOSDAQ 150 Index",KRW,10000,KOSDQ150,IND,2017-12-14
XKRX,KSE,KWY,175,"United States dollar",KRW,10000,USD.KRW,CASH,2017-10-16
XLME,LMEOTC,AH,AH,"High-Grade Primary Aluminium",USD,25,AH,IND,2018-03-21
XLME,LMEOTC,CA,CA,"Grade A Copper - LME",USD,25,CA,IND,2018-01-17
XLME,LMEOTC,NI,NI,"Nickel - LME",USD,6,NI,IND,2018-01-17
XLME,LMEOTC,PB,PB,"Lead - LME",USD,25,PB,IND,2018-01-17
XLME,LMEOTC,SNLME,SN,"Tin future",USD,5,SNLME,IND,2018-03-21
XLME,LMEOTC,ZSLME,ZS,"Special High Grade Zinc",USD,25,ZSLME,IND,2018-03-21
XMAT,MATIF,EBM,EBM,"Milling Wheat Futures",EUR,50,EBM,IND,2017-12-11
XMAT,MATIF,ECO,ECO,"European Rapeseed Future",EUR,50,ECO,IND,2017-10-31
XMAT,MATIF,EMA,EMA,Corn,EUR,50,EMA,IND,2017-11-06
XMOD,CDE,BAX,BAX,"3 Month Canadian Bankers' Acceptance Futures",CAD,2500,BAX,IND,2017-10-16
XMOD,CDE,CGB,CGB,"10 Year Government of Canada Bonds",CAD,1000,CGB,IND,2017-12-18
XMOD,CDE,CGF,CGF,"5 Year Government of Canada Bonds",CAD,1000,CGF,IND,2017-12-18
XMOD,CDE,CGZ,CGZ,"2 Year Government of Canada Bonds",CAD,1000,CGZ,IND,2022-06-21
XMOD,CDE,CGZ,CGZ,"2 Year Government of Canada Bonds",CAD,2000,CGZ,IND,2020-06-19
XMOD,CDE,CRA,CRA,"3 Month CORRA",CAD,2500,CRA,IND,2022-09-20
XMOD,CDE,TSE60,SXF,"S&P Canada 60 Index Futures (Old TSE60)",CAD,200,TSE60,IND,2017-12-14
XMOD,CDE,TSE60,SXM,"S&P Canada 60 Index Futures (Old TSE60)",CAD,50,TSE60,IND,2017-12-14
XMOD,CDE,TSX,SCF,"S&P TSX COMPOSITE INDEX",CAD,5,TSX,IND,2017-12-14
XMON,MONEP,CAC40,FCE,"CAC 40",EUR,10,PX1,IND,1988-09-30
XMON,MONEP,CAC40,MFC,"CAC 40",EUR,1,PX1,IND,1988-09-30
XMON,MONEP,EPEU,EPE,"FTSE EPRA/NAREIT Euro Zone",EUR,10,EPE,IND,2017-12-15
XMON,MONEP,EPRA,EPR,"FTSE EPRA/NAREIT Europe",EUR,10,EPR,IND,2017-12-15
XMON,MONEP,FEF,FEF,"FTSEurofirst 80 NEW",EUR,10,FEF,IND,2017-12-15
XMON,MONEP,FEO,FEO,"FTSEurofirst 100 NEW",EUR,10,FEO,IND,2017-12-15
XMRV,MEFFRV,IBEX,MIX,"IBEX 35 Index Mini",EUR,1,IBEX,IND,2017-10-20
XMRV,MEFFRV,IBEX35,IBX,"IBEX 35 Index",EUR,10,IBEX35,IND,2017-10-20
XNLI,NYSELIFFE,M1EU,EU9,"MSCI Europe NTR",USD,10,M1EU,IND,2021-12-17
XNLI,NYSELIFFE,M1JP,JPP,"The MSCI Japan NTR",USD,10,M1JP,IND,2021-12-17
XNLI,NYSELIFFE,M1MSA,ASN,"MSCI Emerging Markets Asia Net Total Return (NTR)",USD,100,M1MSA,IND,2021-12-17
XNLI,NYSELIFFE,MXEA,MFS,"MSCI EAFE Index",USD,50,MXEA,IND,2017-12-15
XNLI,NYSELIFFE,MXEF,MME,"MSCI EMERGING MARKETS INDEX",USD,50,MXEF,IND,2017-12-15
XNLI,NYSELIFFE,MXUS,MUN,"MSCI USA Index",USD,50,MXUS,IND,2017-12-15
XNLI,NYSELIFFE,YG,YG,"Mini Sized NY Gold Futures",USD,32.15,YG,IND,2017-10-27
XNLI,NYSELIFFE,YI,YI,"Mini Sized NY Silver Futures",USD,1000,YI,IND,2017-10-27
XNLI,NYSELIFFE,ZG,ZG,"Gold 100 Troy Oz",USD,100,ZG,IND,2017-10-27
XNLI,NYSELIFFE,ZI,ZI,"CBOT 5000 Oz Silver Futures",USD,5000,ZI,IND,2017-10-27
XNSE,NSE,BANKNIFTY,BANKNIFTY,"Nifty Bank",INR,1,BANKNIFTY,IND,2017-10-26
XNSE,NSE,EURINR,EURINR,"Euro in Indian Rupee",INR,1000,EURINR,IND,2017-10-27
XNSE,NSE,GBPINR,GBPINR,"British Pounds in Indian Rupee",INR,1000,GBPINR,IND,2017-10-27
XNSE,NSE,JPYINR,JPYINR,"Japanese Yen in Indian Rupee",INR,100000,JPYINR,IND,2017-10-27
XNSE,NSE,NIFTY50,NIFTY,"Nifty 50",INR,1,NIFTY50,IND,2017-10-26
XNSE,NSE,NSEFIN,FINNIFTY,"NSE Nifty Financial Services Index Futures",INR,1,NSEFIN,IND,2021-04-29
XNSE,NSE,USDINR,USDINR,"US Dollars in Indian Rupee",INR,1000,USDINR,IND,2017-10-27
XNYM,NYMEX,BB,BB,"NYMEX Brent Financial Futures Index",USD,1000,BB,IND,2017-10-30
XNYM,NYMEX,BZ,BZ,"Brent Crude Oil - Last Day",USD,1000,BZ,IND,2017-10-31
XNYM,NYMEX,CL,CL,"Light Sweet Crude Oil",USD,1000,CL,IND,1983-05-18
XNYM,NYMEX,GC,GC,Gold,USD,100,GC,IND,2017-10-27
XNYM,NYMEX,HG,HG,"Copper Index",USD,25000,HG,IND,2020-10-28
XNYM,NYMEX,HG,HG,"NYMEX Copper Index",USD,25000,HG,IND,2017-10-27
XNYM,NYMEX,HH,HH,"Natural Gas Last Day Financial Futures Index",USD,10000,HH,IND,2006-06-28
XNYM,NYMEX,HO,HO,"Heating Oil",USD,42000,HO,IND,2001-12-31
XNYM,NYMEX,HP,HP,"Natural Gas Penultimate Financial Futures Index",USD,10000,HP,IND,2006-06-27
XNYM,NYMEX,HRC,HRC,"Hot-Rolled Coil Steel Index",USD,20,HRC,IND,2017-10-24
XNYM,NYMEX,LT,LT,"Gulf Coast ULSD (Platts) Up-Down Futures",USD,42000,LT,IND,2020-07-31
XNYM,NYMEX,MCL,MCL,"Micro WTI Crude Oil",USD,100,MCL,IND,2021-07-19
XNYM,NYMEX,MGC,MGC,"E-Micro Gold ",USD,10,MGC,IND,2017-10-27
XNYM,NYMEX,MHO,MHO,"Micro NY Harbor ULSD",USD,4200,MHO,IND,2022-06-29
XNYM,NYMEX,MRB,MRB,"Micro RBOB Gasoline",USD,4200,MRB,IND,2022-06-29
XNYM,NYMEX,NG,NG,"Henry Hub Natural Gas",USD,10000,NG,IND,1990-05-21
XNYM,NYMEX,PA,PA,"NYMEX Palladium Index",USD,100,PA,IND,1981-06-25
XNYM,NYMEX,PA,PA,"Palladium Index",USD,100,PA,IND,2020-12-29
XNYM,NYMEX,PL,PL,"NYMEX Platinum Index",USD,50,PL,IND,1980-01-28
XNYM,NYMEX,PL,PL,"Platinum Index",USD,50,PL,IND,2020-10-28
XNYM,NYMEX,PLM,PLM,"Micro Platinum",USD,10,PLM,IND,2023-03-29
XNYM,NYMEX,QC,QC,"COMEX MINY Copper",USD,12500,QC,IND,2017-10-27
XNYM,NYMEX,QG,QG,"NYMEX MINY Natural Gas Index",USD,2500,QG,IND,2002-07-30
XNYM,NYMEX,QH,QH,"NYMEX MINY Heating Oil Index",USD,21000,QH,IND,2006-01-30
XNYM,NYMEX,QI,QI,"COMEX MINY Silver",USD,2500,QI,IND,2017-11-28
XNYM,NYMEX,QM,QM,"NYMEX MINY Light Sweet Crude Oil",USD,500,QM,IND,2002-07-23
XNYM,NYMEX,QO,QO,"COMEX MINY Gold",USD,50,QO,IND,2017-11-28
XNYM,NYMEX,QU,QU,"NYMEX MINY Gasoline RBOB Index",USD,21000,QU,IND,2006-01-30
XNYM,NYMEX,RB,RB,"NYMEX RBOB Gasoline Index",USD,42000,RB,IND,2001-12-31
XNYM,NYMEX,SGC,SGC,"Shanghai Gold Exchange Gold Benchmark PM Price Index - CNH Futures",CNH,1000,SGC,IND,2019-12-27
XNYM,NYMEX,SGUF,SGU,"Shanghai Gold Exchange Gold Benchmark PM Price Index - USD Futures",USD,32.15,SGUF,IND,2019-12-27
XNYM,NYMEX,SI,ECSI,"NYMEX Silver Index",USD,20,SI,IND,2022-05-26
XNYM,NYMEX,SI,SI,"NYMEX Silver Index",USD,5000,SI,IND,2017-10-27
XNYM,NYMEX,SI,SI,"Silver Index",USD,5000,SI,IND,2020-10-28
XNYM,NYMEX,SI,SIL,"NYMEX Silver Index",USD,1000,SI,IND,2017-10-27
XNYM,NYMEX,SI,SIL,"Silver Index",USD,1000,SI,IND,2020-10-28
XNYM,NYMEX,TT,TT,"NYMEX Cotton index",USD,50000,TT,IND,2017-11-22
XNYM,NYMEX,UX,UX,"NYMEX Uranium Index",USD,250,UX,IND,2017-10-30
XNYM,NYMEX,UX,UX,"Uranium Index",USD,250,UX,IND,2020-10-26
XOSE,OSE.JPN,DJIA,DJIA,"OSE Dow Jones Industrial Average",JPY,100,DJIA,IND,2017-12-15
XOSE,OSE.JPN,JGB,JBL,"Standardized 6% 10-Year Japanese Government Bond",JPY,1000000,JGB,IND,2021-09-13
XOSE,OSE.JPN,JGB,JGBL,"Japanese Government Bonds",JPY,1000000,JGB,IND,2017-12-13
XOSE,OSE.JPN,JGB,JGBL,"Standardized 6% 10-Year Japanese Government Bond",JPY,1000000,JGB,IND,2018-03-13
XOSE,OSE.JPN,JPNK400,400,"JPX-Nikkei Index 400",JPY,100,JPNK400,IND,2021-12-09
XOSE,OSE.JPN,JPNK400,JN400,"JPX-Nikkei Index 400",JPY,100,JPNK400,IND,2017-12-07
XOSE,OSE.JPN,M-GD,GLDM,"Gold (Mini) - Japan",JPY,100,M-GD,IND,2021-10-25
XOSE,OSE.JPN,M-GD,OM-GD,"Gold (Mini) - Japan",JPY,100,M-GD,IND,2020-06-24
XOSE,OSE.JPN,M-PT,OM-PT,"Platinum (Mini) - Japan",JPY,100,M-PT,IND,2020-06-24
XOSE,OSE.JPN,M-PT,PLTM,"Platinum (Mini) - Japan",JPY,100,M-PT,IND,2021-10-25
XOSE,OSE.JPN,MJ,JBLM,"Mini 10 Year JGB",JPY,100000,MJ,IND,2021-12-10
XOSE,OSE.JPN,MJ,JGBLM,"Mini 10 Year JGB",JPY,100000,MJ,IND,2017-12-12
XOSE,OSE.JPN,MNTPX,TOPIXM,"Japan Mini Topix",JPY,1000,MNTPX,IND,2017-12-07
XOSE,OSE.JPN,MNTPX,TPXM,"Japan Mini Topix",JPY,1000,MNTPX,IND,2021-12-09
XOSE,OSE.JPN,N225,225,"Nikkei 225",JPY,1000,N225,IND,2021-12-09
XOSE,OSE.JPN,N225,NK225,"Nikkei 225",JPY,1000,N225,IND,2017-03-09
XOSE,OSE.JPN,N225M,225M,"Nikkei 225 Mini",JPY,100,N225M,IND,2021-10-07
XOSE,OSE.JPN,N225M,NK225M,"Nikkei 225 Mini",JPY,100,N225M,IND,2017-10-12
XOSE,OSE.JPN,N225MC,225MC,"Nikkei 225 Micro",JPY,10,N225MC,IND,2023-06-08
XOSE,OSE.JPN,NKVI,NKVI,"Nikkei 225 Volatility Index",JPY,10000,NKVI,IND,2017-10-10
XOSE,OSE.JPN,NKVI,NVI,"Nikkei 225 Volatility Index",JPY,10000,NKVI,IND,2021-10-12
XOSE,OSE.JPN,TOPX,TOPIX,"TOPIX Index",JPY,10000,TOPX,IND,2017-12-07
XOSE,OSE.JPN,TOPX,TPX,"TOPIX Index",JPY,10000,TOPX,IND,2021-12-09
XOSE,OSE.JPN,TPXC30,C30,"Topix Core30",JPY,1000,TPXC30,IND,2021-12-09
XOSE,OSE.JPN,TPXC30,TPX30,"Topix Core30",JPY,1000,TPXC30,IND,2017-12-07
XOSE,OSE.JPN,TSEMOTHR,MOTH,"TSE Mothers Index",JPY,1000,TSEMOTHR,IND,2021-12-09
XOSE,OSE.JPN,TSEMOTHR,MOTHE,"TSE Mothers Index",JPY,1000,TSEMOTHR,IND,2017-12-07
XOSE,OSE.JPN,TSEREIT,REIT,"TSE REIT Index",JPY,1000,TSEREIT,IND,2017-12-07
XSES,SGX,AJ,AJ,"SGX Australian Dollar in Japanese Yen Futures",JPY,25000,AJ,IND,2017-10-16
XSES,SGX,AU,AU,"SGX Australian Dollar in US Dollar Futures",USD,25000,AU,IND,2017-10-16
XSES,SGX,CY,CY,"SGX onshore Chinese Renminbi (CNY) in US Dollar Futures",USD,500000,CY,IND,2017-10-16
XSES,SGX,FIVNM30,FVN,"FTSE Vietnam 30 Price Return Index",USD,5,FIVNM30,IND,2021-06-29
XSES,SGX,FTCRTWRP,TWN,"FTSE Taiwan RIC Capped Price Return TWD Index",USD,40,FTCRTWRP,IND,2020-07-30
XSES,SGX,INR,INR,"INR.USD Forex",USD,1000,USD.INR,CASH,2023-06-19
XSES,SGX,INR,INR,"SGX USD/INR (USD) Futures",USD,1000,INR,CASH,2021-07-19
XSES,SGX,INR,INR,"SGX USD/INR (USD) Futures",USD,1000,INR,IND,2021-02-15
XSES,SGX,INX,INX,"SGX USD/INR (USD) Month-end",USD,1000,INX,IND,2022-07-27
XSES,SGX,IU,IU,"SGX Indian Rupee in US Dollar Futures",USD,2000000,IU,IND,2017-10-27
XSES,SGX,KJ,KJ,"SGX Korean Won in Japanese Yen Futures",JPY,25000000,KJ,IND,2017-10-16
XSES,SGX,KRW,KRW,"Korean Won",USD,125000000,KRW,IND,2020-08-14
XSES,SGX,KU,KU,"SGX Korean Won in US Dollar Futures",USD,25000000,KU,IND,2017-10-16
XSES,SGX,KU,KU,"SGX Korean Won in US Dollar Futures (Mini)",USD,25000000,KU,IND,2018-08-13
XSES,SGX,M1CNX,NCH,"MSCI China Free Net Total Return (USD) Index",USD,50,M1CNX,IND,2017-10-20
XSES,SGX,M3CNX,CH,"MSCI China Free Price USD Index",USD,5,M3CNX,IND,2017-10-30
XSES,SGX,MUC,MUC,"SGX USD/CNH Futures (Mini)",CNH,25000,MUC,IND,2021-09-13
XSES,SGX,MXID,ID,"MSCI Indonesia Index",USD,2,MXID,IND,2017-10-30
XSES,SGX,MXMY,MY,"MSCI Malaysia Index",USD,20,MXMY,IND,2017-10-31
XSES,SGX,MXTH,TH,"MSCI Thailand index",USD,20,MXTH,IND,2017-10-30
XSES,SGX,N225U,NU,"SGX: USD Nikkei 225 Index",USD,5,N225U,IND,2007-09-12
XSES,SGX,NIFTY,IN,"CNX Nifty Index",USD,2,NIFTY,IND,2017-10-26
XSES,SGX,NKYDIV,ND,"Nikkei Stock Average Dividend Point Index",JPY,10000,NKYDIV,IND,2018-03-30
XSES,SGX,SCI,FEF,"SGX TSI Iron Ore Futures",USD,100,SCI,IND,2017-10-31
XSES,SGX,SEY,EY,"Euroyen (TIBOR) Index",JPY,250000,SEY,IND,2017-12-18
XSES,SGX,SGB,JB,"SGX Mini JGB Index",JPY,100000,SGB,IND,2017-12-12
XSES,SGX,SGXNK,NK,"SGX: Nikkei 225",JPY,500,SGXNK,IND,2017-10-12
XSES,SGX,SGXNKM,NS,"SGX: NIKKEI 225 Mini",JPY,100,SGXNKM,IND,2017-10-12
XSES,SGX,SGXTU,TU,"SGX Thai baht in US Dollar Futures",USD,1000000,SGXTU,IND,2022-12-29
XSES,SGX,SND,SND,"SGX US Dollar in Singapore Dollar Futures (Full-Sized)",SGD,100000,SND,IND,2020-10-19
XSES,SGX,SSG,SGP,"MSCI Singapore Free Index",SGD,100,SSG,IND,2017-10-30
XSES,SGX,STI,ST,"SGX Straits Times Index",SGD,10,STI,IND,2017-10-30
XSES,SGX,STW,TW,"MSCI Taiwan Index",USD,100,STW,IND,2017-10-30
XSES,SGX,TD,TD,"SGX Taiwan Dollar in US Dollar Futures (Mini)",USD,1000000,TD,IND,2021-02-08
XSES,SGX,TSR20,TF,"SICOM Rubber",USD,50,TSR20,IND,2017-09-29
XSES,SGX,TWD,TWD,"SGX Taiwan Dollar in US Dollar Futures (Full-Sized)",USD,3000000,TWD,IND,2021-02-08
XSES,SGX,TWN,TWN,"FTSE Taiwan RIC Capped Price Return TWD Index",USD,40,TWN,IND,2020-08-28
XSES,SGX,UC,UC,"SGX US Dollar in offshore Chinese Renminbi (CNH)",CNH,100000,UC,IND,2017-10-16
XSES,SGX,UJ,UJ,"SGX US Dollar in Japanese Yen Futures (Titan)",JPY,500000,UJ,IND,2017-10-16
XSES,SGX,US,US,"SGX US Dollar in Singapore Dollar (Mini) Futures",SGD,25000,US,IND,2018-09-17
XSES,SGX,US,US,"SGX US Dollar in Singapore Dollar Futures",SGD,25000,US,IND,2017-10-16
XSES,SGX,UY,UY,"SGX US Dollar in Japanese Yen Futures (Standard)",JPY,100000,UY,IND,2017-10-16
XSES,SGX,WIIDN,FID,"FTSE Indonesia Index",USD,5,WIIDN,IND,2020-09-29
XSES,SGX,XIN0I,FCH,"FTSE China H50",USD,2,XIN0I,IND,2020-12-30
XSES,SGX,XINA50,CN,"FTSE/Xinhua China A50",USD,1,XINA50,IND,2017-10-30
XSFE,SNFE,IB,IB,"30 Day Interbank Cash Rate",AUD,2466,IB,IND,2017-10-31
XSFE,SNFE,IR,IR,"90 Day Bills",AUD,10000,IR,IND,1983-03-09
XSFE,SNFE,MSPI,AM,"ASX Mini SPI 200 Index",AUD,5,MSPI,IND,2017-10-19
XSFE,SNFE,SPI,AP,"S&P/ASX 200 Index (Australia)",AUD,25,SPI,IND,2010-06-17
XSFE,SNFE,XT,XT,"10 Year Treasury Bond 6%",AUD,10000,XT,IND,1985-03-15
XSFE,SNFE,YT,YT,"3 Year Treasury Bond 6%",AUD,1000,YT,IND,2001-09-17
XSTO,OMS,OMXESG,OMXESG,"OMXS30 ESG Responsible Index",SEK,100,OMXESG,IND,2020-11-20
XSTO,OMS,OMXS30,OMXS30,"OMX Index (Sweden)",SEK,100,OMXS30,IND,2017-10-20
